{
    "accuracy": 0.9993287681355765,
    "weighted_f1": 0.9993290373375349,
    "macro_f1": 0.9978132892323966,
    "precision": 0.9993295827474267,
    "recall": 0.9993287681355765,
    "model": "LightGBM",
    "dataset": "CICIDS2017 (Stratified Split)"
}